{"cameraMode":{"drawMode":0,"name":"Shaded","section":"Shading Mode"},"sceneLighting":true,"audioPlay":false,"sceneViewState":{"showFog":true,"showMaterialUpdate":false,"showSkybox":true,"showFlares":true,"showImageEffects":true,"showParticleSystems":true},"in2DMode":false,"pivot":{"x":86.85298156738281,"y":5.258997917175293,"z":39.321815490722659},"rotation":{"x":0.2597363293170929,"y":0.2942315340042114,"z":-0.08343444019556046,"w":0.9159770607948303},"size":29.612133026123048,"orthographic":false}